{
    "amount0": 9.11512035,
    "amount1": 0.13817859615965897,
    "liquidity": 18553782074000919,
    "lowerTick": 230270,
    "tokenId": 697673,
    "upperTick": 230370
}