{
    "amount0": 2.05544256,
    "amount1": 0.00045410822795167,
    "liquidity": 4122282431757566,
    "lowerTick": 230270,
    "tokenId": 697673,
    "upperTick": 230370
}