{
    "amount0": 0.18989810000000001,
    "amount1": 13.82579793020361,
    "liquidity": 28102887012382635,
    "lowerTick": 230170,
    "tokenId": 697674,
    "upperTick": 230270
}