{
    "amount0": 13.82579788,
    "amount1": 0.13817859615965897,
    "liquidity": 27999170803390134,
    "lowerTick": 230270,
    "tokenId": 697673,
    "upperTick": 230370
}